Rank,Country,January,February,March,April,May,June,July,August,September,October,Jan-Oct Total,% Share,RankingType
1,SOUTH KOREA,126263,126692,106744,94217,98433,116414,139528,134346,113772,114089,1170498,26.33,Ranking by Country of Residence
2,UNITED STATES OF AMERICA,87440,85917,80284,75830,71249,93597,85918,52452,50188,59420,742295,16.70,Ranking by Country of Residence
3,JAPAN,15178,23013,26356,23655,21179,19676,27148,38929,27866,24674,247674,5.57,Ranking by Country of Residence
4,CHINA,9648,14904,19281,25076,18071,21818,33874,31656,25355,23728,223411,5.03,Ranking by Country of Residence
5,AUSTRALIA,23731,20723,23715,26966,19054,19837,19007,15661,19833,18839,207366,4.66,Ranking by Country of Residence
6,CANADA,24660,23319,22287,20844,17242,12345,18462,13638,12252,15576,180625,4.06,Ranking by Country of Residence
7,TAIWAN,18040,12991,13513,14603,11096,19622,23207,18777,15696,19083,166628,3.75,Ranking by Country of Residence
8,UNITED KINGDOM,12886,12049,17831,15451,10611,9217,17802,11299,7550,10313,125009,2.81,Ranking by Country of Residence
9,SINGAPORE,10020,11403,14433,13762,11602,14104,10616,10621,11701,11370,119632,2.69,Ranking by Country of Residence
10,MALAYSIA,6994,8730,9461,8992,8003,7630,7947,7253,7488,7111,79609,1.79,Ranking by Country of Residence
11,HONG KONG - SAR,9903,4658,6249,11729,5283,5369,5829,5398,5239,6887,66544,1.50,Ranking by Country of Residence
12,INDIA,6490,5381,7027,6189,5296,5338,5987,5922,5553,5321,58504,1.32,Ranking by Country of Residence
13,GERMANY,7282,7775,10015,7513,4434,3325,4628,4520,3631,4878,58001,1.30,Ranking by Country of Residence
14,VIETNAM,4607,5674,6930,6527,6139,6981,6105,5295,4616,4778,57652,1.30,Ranking by Country of Residence
15,INDONESIA,3814,5216,5128,5525,4131,4248,4244,3942,4460,4355,45063,1.01,Ranking by Country of Residence
16,FRANCE,5904,7462,7273,5699,2814,1467,3632,2591,1959,3038,41839,0.94,Ranking by Country of Residence
17,THAILAND,3182,3315,4136,4544,3075,3187,3603,2583,3033,3563,34221,0.77,Ranking by Country of Residence
18,GUAM,2274,2449,3255,2714,2190,3959,3966,2151,2352,3093,28403,0.64,Ranking by Country of Residence
19,UNITED ARAB EMIRATES,1102,2437,3748,3116,2304,2859,3053,2708,2867,3056,27250,0.61,Ranking by Country of Residence
20,SPAIN,2969,2634,3034,2691,1648,1729,3450,4132,2159,2511,26957,0.61,Ranking by Country of Residence
21,NETHERLANDS,3061,2814,3054,3237,2166,1519,3394,1900,1740,2291,25176,0.57,Ranking by Country of Residence
22,NEW ZEALAND,2338,2028,2276,2714,2152,2430,2177,1688,1953,2105,21861,0.49,Ranking by Country of Residence
23,SWITZERLAND,2201,2475,2660,2918,1291,922,2084,885,1165,1670,18271,0.41,Ranking by Country of Residence
24,RUSSIA,3153,3752,2735,2030,1122,863,958,967,947,1595,18122,0.41,Ranking by Country of Residence
25,ITALY,2274,2200,2059,1609,954,1251,1729,2287,1002,1311,16676,0.38,Ranking by Country of Residence
26,SAUDI ARABIA,1365,1968,1727,1819,1912,1784,1721,1375,1468,1441,16580,0.37,Ranking by Country of Residence
27,NORWAY,1567,1716,1529,1209,773,3235,3508,843,843,1035,16258,0.37,Ranking by Country of Residence
28,IRELAND,1317,1056,1325,1230,1087,2475,1896,1056,850,1052,13344,0.30,Ranking by Country of Residence
29,SWEDEN,1887,1816,1753,1252,826,1617,1254,662,672,920,12659,0.28,Ranking by Country of Residence
30,ISRAEL,1888,1637,1955,1355,836,697,1051,893,1325,635,12272,0.28,Ranking by Country of Residence
31,BELGIUM,1221,1291,1353,1184,890,991,2273,827,778,1072,11880,0.27,Ranking by Country of Residence
32,NORTH KOREA,1440,1439,1341,1134,1205,1325,1638,1605,292,46,11465,0.26,Ranking by Country of Residence
33,AUSTRIA,1716,1462,1197,1071,735,738,1410,805,520,865,10519,0.24,Ranking by Country of Residence
34,DENMARK,1450,1318,1307,1084,740,784,1056,462,661,940,9802,0.22,Ranking by Country of Residence
35,QATAR,393,816,990,1220,716,916,841,754,895,1031,8572,0.19,Ranking by Country of Residence
36,TURKEY,824,1014,1103,832,617,758,629,643,687,765,7872,0.18,Ranking by Country of Residence
37,POLAND,875,1263,1089,934,443,325,312,288,371,749,6649,0.15,Ranking by Country of Residence
38,KUWAIT,413,715,613,704,608,776,565,618,426,451,5889,0.13,Ranking by Country of Residence
39,BRUNEI,416,545,578,779,431,504,507,470,454,530,5214,0.12,Ranking by Country of Residence
40,MYANMAR,358,309,355,441,585,526,608,542,677,656,5057,0.11,Ranking by Country of Residence
41,PAPUA NEW GUINEA,381,400,410,465,443,619,536,448,733,573,5008,0.11,Ranking by Country of Residence
42,BAHRAIN,231,453,427,416,416,489,547,523,605,633,4740,0.11,Ranking by Country of Residence
43,CZECH REPUBLIC,629,885,818,482,226,174,278,214,257,491,4454,0.10,Ranking by Country of Residence
44,MONGOLIA,972,765,493,260,228,465,315,207,206,185,4096,0.09,Ranking by Country of Residence
45,MACAU - SAR,276,195,407,638,361,408,422,425,324,432,3888,0.09,Ranking by Country of Residence
46,SOUTH AFRICA,406,321,374,538,283,310,371,286,349,314,3552,0.08,Ranking by Country of Residence
47,FINLAND,512,412,473,345,257,418,304,270,210,267,3468,0.08,Ranking by Country of Residence
48,BANGLADESH,269,303,351,458,262,276,283,344,506,407,3459,0.08,Ranking by Country of Residence
49,BRAZIL,454,443,515,437,264,256,213,193,239,306,3320,0.07,Ranking by Country of Residence
50,CAMBODIA,236,332,405,404,294,278,247,335,321,401,3253,0.07,Ranking by Country of Residence
51,PORTUGAL,310,364,476,448,268,136,161,304,216,344,3027,0.07,Ranking by Country of Residence
52,NEPAL,251,236,363,383,244,316,291,309,316,307,3016,0.07,Ranking by Country of Residence
53,ROMANIA,489,549,487,360,170,168,131,211,176,248,2989,0.07,Ranking by Country of Residence
54,NIGERIA,387,427,321,300,274,259,242,291,221,212,2934,0.07,Ranking by Country of Residence
55,PAKISTAN,287,225,273,172,236,225,284,248,345,272,2567,0.06,Ranking by Country of Residence
56,MEXICO,193,173,320,312,194,167,198,248,247,282,2334,0.05,Ranking by Country of Residence
57,GREECE,313,290,281,244,146,148,126,351,188,208,2295,0.05,Ranking by Country of Residence
58,OMAN,133,192,229,219,216,290,334,197,231,186,2227,0.05,Ranking by Country of Residence
59,SRI LANKA,158,188,259,214,201,280,214,192,241,207,2154,0.05,Ranking by Country of Residence
60,NORTHERN MARIANA ISLANDS,130,144,200,174,143,484,413,203,112,150,2153,0.05,Ranking by Country of Residence
61,HUNGARY,217,273,263,156,173,191,111,116,146,140,1786,0.04,Ranking by Country of Residence
62,URUGUAY,91,125,703,522,79,26,25,18,21,39,1649,0.04,Ranking by Country of Residence
63,BULGARIA,351,296,271,145,115,59,85,75,75,143,1615,0.04,Ranking by Country of Residence
64,LITHUANIA,244,286,193,108,59,31,57,349,89,87,1503,0.03,Ranking by Country of Residence
65,ARGENTINA,274,203,240,199,134,84,70,76,105,113,1498,0.03,Ranking by Country of Residence
66,SLOVAKIA,210,289,227,232,110,61,75,62,70,155,1491,0.03,Ranking by Country of Residence
67,COLOMBIA,177,136,158,202,133,120,120,108,161,166,1481,0.03,Ranking by Country of Residence
68,MOROCCO,131,213,102,107,178,102,143,217,159,120,1472,0.03,Ranking by Country of Residence
69,UNITED STATES MINOR OUTLYING ISLANDS,92,119,132,103,77,101,142,81,220,327,1394,0.03,Ranking by Country of Residence
70,CHILE,168,193,169,158,129,95,67,75,85,146,1285,0.03,Ranking by Country of Residence
71,EGYPT,111,123,90,144,87,89,121,137,128,94,1124,0.03,Ranking by Country of Residence
72,KAZAKHSTAN,181,132,190,115,100,88,90,70,79,76,1121,0.03,Ranking by Country of Residence
73,MALDIVES,116,99,98,45,71,93,196,115,129,129,1091,0.02,Ranking by Country of Residence
74,ICELAND,95,67,89,89,135,240,145,48,70,61,1039,0.02,Ranking by Country of Residence
74,CYPRUS,95,93,131,103,76,99,169,140,63,70,1039,0.02,Ranking by Country of Residence
75,SLOVENIA,162,125,97,149,41,49,95,58,138,121,1035,0.02,Ranking by Country of Residence
76,PALAU,91,117,166,96,68,95,113,81,99,92,1018,0.02,Ranking by Country of Residence
77,CROATIA,144,130,141,118,82,89,58,61,73,98,994,0.02,Ranking by Country of Residence
78,MALTA,112,120,168,102,95,50,98,73,46,57,921,0.02,Ranking by Country of Residence
79,IRAN,65,88,325,53,70,49,48,54,81,68,901,0.02,Ranking by Country of Residence
80,LATVIA,125,137,93,58,38,24,70,55,209,73,882,0.02,Ranking by Country of Residence
81,SERBIA,55,61,81,58,48,21,40,240,218,42,864,0.02,Ranking by Country of Residence
82,KENYA,63,55,78,98,61,56,83,75,109,115,793,0.02,Ranking by Country of Residence
83,ESTONIA,167,206,103,69,40,27,35,28,41,58,774,0.02,Ranking by Country of Residence
84,LUXEMBOURG,70,82,121,120,49,34,71,103,47,75,772,0.02,Ranking by Country of Residence
85,LAOS,64,86,81,166,70,60,52,53,64,75,771,0.02,Ranking by Country of Residence
86,MICRONESIA,69,73,96,88,40,68,77,65,60,59,695,0.02,Ranking by Country of Residence
87,TUNISIA,80,125,89,56,83,20,53,76,60,50,692,0.02,Ranking by Country of Residence
88,UKRAINE,87,103,76,63,40,61,68,52,54,67,671,0.02,Ranking by Country of Residence
89,PERU,56,73,73,61,58,41,35,49,101,56,603,0.01,Ranking by Country of Residence
90,UZBEKISTAN,35,47,52,49,69,96,70,64,58,49,589,0.01,Ranking by Country of Residence
91,FIJI,42,51,78,52,48,72,60,51,70,56,580,0.01,Ranking by Country of Residence
92,JORDAN,89,60,43,33,51,45,45,60,61,30,517,0.01,Ranking by Country of Residence
93,LEBANON,42,75,45,66,41,51,34,46,47,47,494,0.01,Ranking by Country of Residence
94,GHANA,31,25,28,51,35,37,46,87,61,89,490,0.01,Ranking by Country of Residence
95,CAMEROON,33,49,39,73,34,43,38,51,55,63,478,0.01,Ranking by Country of Residence
95,SOLOMON ISLANDS,27,20,17,37,42,51,93,58,82,51,478,0.01,Ranking by Country of Residence
96,MARSHALL ISLANDS,29,59,45,47,37,52,56,48,46,47,466,0.01,Ranking by Country of Residence
97,ISLE OF MAN,44,37,55,46,30,30,50,57,26,51,426,0.01,Ranking by Country of Residence
98,TIMOR-LESTE,39,57,25,26,26,42,68,55,55,26,419,0.01,Ranking by Country of Residence
99,COSTA RICA,50,51,59,60,36,28,22,20,44,40,410,0.01,Ranking by Country of Residence
100,ECUADOR,34,42,47,49,17,21,12,25,48,25,320,0.01,Ranking by Country of Residence
Pp,ARMENIA,17,35,44,23,10,9,78,19,31,31,297,0.01,Ranking by Country of Residence
102,GEORGIA,31,35,41,28,21,20,43,13,19,36,287,0.01,Ranking by Country of Residence
103,JERSEY,43,37,47,36,34,17,22,23,7,16,282,0.01,Ranking by Country of Residence
104,KYRGYZSTAN,37,33,39,27,46,23,12,15,17,26,275,0.01,Ranking by Country of Residence
104,AMERICAN SAMOA,38,38,30,25,17,27,33,22,15,30,275,0.01,Ranking by Country of Residence
104,UGANDA,15,15,20,30,26,37,24,23,38,47,275,0.01,Ranking by Country of Residence
105,PUERTO RICO,26,20,22,37,13,25,25,53,22,31,274,0.01,Ranking by Country of Residence
106,MAURITIUS,24,32,44,31,23,18,21,29,22,25,269,0.01,Ranking by Country of Residence
107,ETHIOPIA,20,19,43,24,25,9,16,31,27,32,246,0.01,Ranking by Country of Residence
108,ZIMBABWE,20,22,22,36,19,20,16,30,30,29,244,0.01,Ranking by Country of Residence
109,PANAMA,27,33,30,16,22,24,30,19,25,17,243,0.01,Ranking by Country of Residence
110,BELARUS,37,52,37,22,13,15,13,15,12,26,242,0.01,Ranking by Country of Residence
111,TANZANIA,25,22,18,20,21,20,20,32,19,40,237,0.01,Ranking by Country of Residence
112,VANUATU,14,17,15,36,29,24,27,23,29,19,233,0.01,Ranking by Country of Residence
113,"CONGO, DEMOCRATIC REPUBLIC OF",35,22,14,21,13,18,21,36,28,17,225,0.01,Ranking by Country of Residence
114,TAJIKISTAN,30,13,19,21,12,29,12,15,23,42,216,0.00,Ranking by Country of Residence
115,BHUTAN,12,15,25,20,28,25,32,14,10,32,213,0.00,Ranking by Country of Residence
116,IVORY COAST,15,10,30,29,20,23,19,21,14,20,201,0.00,Ranking by Country of Residence
116,ANGOLA,10,15,6,18,12,23,18,54,24,21,201,0.00,Ranking by Country of Residence
116,IRAQ,8,19,12,9,13,19,15,33,47,26,201,0.00,Ranking by Country of Residence
117,CAYMAN ISLANDS,11,7,11,8,19,18,46,30,23,13,186,0.00,Ranking by Country of Residence
118,GUATEMALA,13,16,26,25,24,8,25,13,6,28,184,0.00,Ranking by Country of Residence
119,DOMINICAN REPUBLIC,12,27,12,9,12,13,9,63,11,10,178,0.00,Ranking by Country of Residence
120,NEW CALEDONIA,19,25,19,21,17,8,11,15,16,17,168,0.00,Ranking by Country of Residence
121,ANDORRA,8,10,16,25,15,25,9,16,22,20,166,0.00,Ranking by Country of Residence
122,JAMAICA,18,20,18,18,4,11,23,10,18,25,165,0.00,Ranking by Country of Residence
122,BRITISH INDIAN OCEAN TERRITORY,28,22,17,11,14,6,11,6,27,23,165,0.00,Ranking by Country of Residence
123,SUDAN,12,15,11,18,6,5,7,53,21,13,161,0.00,Ranking by Country of Residence
124,AFGHANISTAN,18,8,11,9,18,22,15,25,21,12,159,0.00,Ranking by Country of Residence
125,BERMUDA,18,10,17,15,17,8,23,16,18,16,158,0.00,Ranking by Country of Residence
125,EL SALVADOR,8,14,14,19,16,11,22,10,30,14,158,0.00,Ranking by Country of Residence
126,SYRIA,11,14,11,10,14,32,12,13,27,13,157,0.00,Ranking by Country of Residence
127,ALBANIA,10,28,16,8,14,14,17,13,16,19,155,0.00,Ranking by Country of Residence
128,HONDURAS,12,10,29,14,16,20,11,2,22,8,144,0.00,Ranking by Country of Residence
129,TRINIDAD AND TOBAGO,16,18,27,10,13,4,9,8,17,17,139,0.00,Ranking by Country of Residence
130,ZAMBIA,15,7,14,12,9,13,8,15,30,12,135,0.00,Ranking by Country of Residence
131,RÃ©UNION,14,28,26,16,8,8,12,6,4,12,134,0.00,Ranking by Country of Residence
132,BOLIVIA,13,18,9,43,17,4,1,4,5,19,133,0.00,Ranking by Country of Residence
133,GUERNSEY,20,11,29,17,11,6,5,6,11,15,131,0.00,Ranking by Country of Residence
134,MOLDOVA,24,26,15,6,11,6,4,14,13,11,130,0.00,Ranking by Country of Residence
135,VENEZUELA,10,12,15,15,10,14,6,16,19,8,125,0.00,Ranking by Country of Residence
136,FAROE ISLANDS,15,7,12,9,10,22,19,20,3,7,124,0.00,Ranking by Country of Residence
137,MADAGASCAR,25,20,6,13,12,10,6,8,12,10,122,0.00,Ranking by Country of Residence
137,GIBRALTAR,12,9,18,16,9,6,11,8,2,31,122,0.00,Ranking by Country of Residence
138,LIBERIA,11,14,13,16,8,12,10,5,17,14,120,0.00,Ranking by Country of Residence
139,RWANDA,12,9,10,10,4,7,13,24,15,13,117,0.00,Ranking by Country of Residence
140,PARAGUAY,18,28,8,9,8,9,7,8,11,1,107,0.00,Ranking by Country of Residence
141,SAMOA,4,9,12,12,2,15,9,13,14,15,105,0.00,Ranking by Country of Residence
142,SENEGAL,7,4,5,8,5,7,4,21,33,10,104,0.00,Ranking by Country of Residence
143,TONGA,14,10,8,17,16,8,2,6,13,7,101,0.00,Ranking by Country of Residence
144,"ESWATINI (FMR. ""SWAZILAND"")",5,3,11,11,6,3,5,9,27,20,100,0.00,Ranking by Country of Residence
145,LIECHTENSTEIN,11,12,15,15,6,8,16,4,7,5,99,0.00,Ranking by Country of Residence
146,BAHAMAS,14,9,8,6,5,15,11,3,9,17,97,0.00,Ranking by Country of Residence
147,MONACO,10,16,19,10,5,5,11,3,4,13,96,0.00,Ranking by Country of Residence
148,BOSNIA AND HERZEGOVINA,15,13,8,10,6,4,7,8,13,10,94,0.00,Ranking by Country of Residence
149,ARUBA,1,3,15,6,12,9,13,5,19,10,93,0.00,Ranking by Country of Residence
150,FRENCH POLYNESIA,8,8,7,14,8,13,8,5,8,13,92,0.00,Ranking by Country of Residence
151,NAMIBIA,8,10,3,18,12,11,8,6,3,8,87,0.00,Ranking by Country of Residence
151,MOZAMBIQUE,3,7,14,7,8,3,17,7,14,7,87,0.00,Ranking by Country of Residence
152,SAINT KITTS AND NEVIS,9,9,12,7,7,13,6,6,7,9,85,0.00,Ranking by Country of Residence
153,TURKMENISTAN,9,5,17,11,8,8,5,4,7,9,83,0.00,Ranking by Country of Residence
154,MALAWI,16,9,5,4,3,9,5,11,10,9,81,0.00,Ranking by Country of Residence
155,LIBYA,4,12,3,9,6,9,7,14,10,2,76,0.00,Ranking by Country of Residence
156,MACEDONIA (THE FORMER YUGOSLAV REPUBLIC OF),12,5,11,8,7,10,2,4,7,5,71,0.00,Ranking by Country of Residence
157,ALGERIA,7,3,2,9,3,5,10,16,6,8,69,0.00,Ranking by Country of Residence
158,KIRIBATI,-,7,4,9,11,7,6,10,6,4,64,0.00,Ranking by Country of Residence
158,MONTENEGRO,2,4,7,-,4,-,6,35,4,2,64,0.00,Ranking by Country of Residence
159,SEYCHELLES,3,4,1,12,10,7,2,13,6,4,62,0.00,Ranking by Country of Residence
160,BOTSWANA,6,6,2,4,11,5,3,12,2,8,59,0.00,Ranking by Country of Residence
160,BURKINA FASO,1,-,3,13,4,26,2,1,4,5,59,0.00,Ranking by Country of Residence
161,NICARAGUA,3,4,6,4,2,9,2,7,7,14,58,0.00,Ranking by Country of Residence
162,AZERBAIJAN,5,6,6,2,5,8,3,10,5,4,54,0.00,Ranking by Country of Residence
163,Ã…LAND ISLANDS,4,5,3,5,6,9,6,5,3,7,53,0.00,Ranking by Country of Residence
164,GUINEA,4,3,4,3,5,5,1,18,3,2,48,0.00,Ranking by Country of Residence
165,VIRGIN ISLANDS (U.S.),6,3,7,11,5,7,2,3,1,2,47,0.00,Ranking by Country of Residence
166,"CONGO, REPUBLIC OF (CAP. BRAZZAVILLE)",2,5,3,8,2,5,5,7,4,3,44,0.00,Ranking by Country of Residence
167,PALESTINE STATE,3,7,-,2,-,1,16,6,8,-,43,0.00,Ranking by Country of Residence
168,BURUNDI,1,1,5,4,1,3,5,5,11,6,42,0.00,Ranking by Country of Residence
168,TOGO,10,-,4,2,-,3,7,4,4,8,42,0.00,Ranking by Country of Residence
169,YEMEN,4,10,2,2,1,3,2,11,4,1,40,0.00,Ranking by Country of Residence
170,BENIN,4,4,3,2,3,6,2,5,6,3,38,0.00,Ranking by Country of Residence
171,BELIZE,3,4,1,5,3,2,9,7,2,1,37,0.00,Ranking by Country of Residence
171,COOK ISLANDS,1,1,2,6,4,7,1,3,8,4,37,0.00,Ranking by Country of Residence
172,SURINAME,1,2,1,3,3,1,2,3,16,3,35,0.00,Ranking by Country of Residence
172,GAMBIA,-,3,1,3,2,1,3,5,7,10,35,0.00,Ranking by Country of Residence
173,CURAÃ§AO,6,5,5,2,1,3,3,2,3,2,32,0.00,Ranking by Country of Residence
173,GRENADA,6,3,5,3,1,7,3,4,-,-,32,0.00,Ranking by Country of Residence
173,SINT MAARTEN (DUTCH PART),4,-,1,6,-,5,6,-,3,7,32,0.00,Ranking by Country of Residence
174,BRITISH VIRGIN ISLANDS,6,3,4,2,3,-,5,3,5,-,31,0.00,Ranking by Country of Residence
174,CENTRAL AFRICAN REPUBLIC,2,2,-,1,2,6,8,7,-,3,31,0.00,Ranking by Country of Residence
175,TUVALU,-,-,7,4,2,4,1,-,1,11,30,0.00,Ranking by Country of Residence
176,BARBADOS,-,-,5,4,4,-,3,9,1,3,29,0.00,Ranking by Country of Residence
176,CHAD,2,4,8,5,2,1,1,4,-,2,29,0.00,Ranking by Country of Residence
176,TURKS AND CAICOS,4,-,1,6,2,1,3,5,6,1,29,0.00,Ranking by Country of Residence
176,GREENLAND,2,2,1,4,1,5,2,2,3,7,29,0.00,Ranking by Country of Residence
177,GUADELOUPE,-,1,3,3,3,3,8,4,2,1,28,0.00,Ranking by Country of Residence
177,MARTINIQUE,2,1,15,2,1,2,1,-,4,-,28,0.00,Ranking by Country of Residence
178,SAINT LUCIA,-,3,7,5,1,2,4,4,-,1,27,0.00,Ranking by Country of Residence
179,FRENCH GUIANA,-,-,8,2,1,1,6,3,1,3,25,0.00,Ranking by Country of Residence
180,GUYANA,-,6,4,-,1,2,4,5,-,2,24,0.00,Ranking by Country of Residence
180,MALI,2,2,2,1,-,1,4,7,3,2,24,0.00,Ranking by Country of Residence
181,ANTIGUA AND BARBUDA,-,1,2,3,3,3,6,2,3,-,23,0.00,Ranking by Country of Residence
181,HAITI,5,-,3,4,1,1,1,3,4,1,23,0.00,Ranking by Country of Residence
182,SAN MARINO,1,8,3,-,-,-,1,4,2,3,22,0.00,Ranking by Country of Residence
183,GABON,1,-,-,-,1,1,3,4,7,3,20,0.00,Ranking by Country of Residence
184,"BONAIRE, SINT EUSTATIUS AND SABA",1,1,2,-,2,2,5,1,2,3,19,0.00,Ranking by Country of Residence
184,SAINT VINCENT AND THE GRENADINES,6,2,3,-,4,1,2,-,-,1,19,0.00,Ranking by Country of Residence
184,SIERRA LEONE,-,-,1,-,3,5,-,1,5,4,19,0.00,Ranking by Country of Residence
185,EQUATORIAL GUINEA,1,3,-,5,1,-,2,2,-,2,16,0.00,Ranking by Country of Residence
186,DOMINICA,1,2,1,1,-,2,5,1,1,1,15,0.00,Ranking by Country of Residence
187,FALKLAND ISLANDS (MALVINAS),-,-,1,-,1,1,5,-,3,2,13,0.00,Ranking by Country of Residence
188,COMOROS,1,3,2,-,1,-,-,-,4,-,11,0.00,Ranking by Country of Residence
188,LESOTHO,-,-,-,1,-,1,-,2,6,1,11,0.00,Ranking by Country of Residence
188,NIGER,-,1,1,-,2,4,-,-,1,2,11,0.00,Ranking by Country of Residence
189,CABO VERDE,1,-,1,2,-,4,2,-,-,-,10,0.00,Ranking by Country of Residence
189,SOMALIA,1,2,-,2,3,1,-,1,-,-,10,0.00,Ranking by Country of Residence
190,CUBA,1,-,-,2,2,-,1,-,1,2,9,0.00,Ranking by Country of Residence
190,NORFOLK ISLAND,-,-,1,5,-,-,3,-,-,-,9,0.00,Ranking by Country of Residence
191,ANGUILLA,1,-,-,2,-,-,-,2,3,-,8,0.00,Ranking by Country of Residence
191,NAURU,-,-,-,2,-,2,-,-,-,4,8,0.00,Ranking by Country of Residence
191,SAO TOME AND PRINCIPE,-,-,-,-,-,1,-,-,7,-,8,0.00,Ranking by Country of Residence
192,ANTARCTICA,-,1,3,-,1,2,-,-,-,-,7,0.00,Ranking by Country of Residence
192,SAINT MARTIN (FRENCH PART),4,-,1,-,1,-,-,-,1,-,7,0.00,Ranking by Country of Residence
193,DJIBOUTI,-,-,1,-,1,2,1,-,1,-,6,0.00,Ranking by Country of Residence
193,FRENCH SOUTHERN TERRITORIES,-,-,-,1,-,-,2,1,1,1,6,0.00,Ranking by Country of Residence
193,GUINEA-BISSAU,-,-,-,-,3,-,2,1,-,-,6,0.00,Ranking by Country of Residence
193,MAURITANIA,-,1,-,2,1,1,-,1,-,-,6,0.00,Ranking by Country of Residence
193,NIUE,-,-,-,4,-,-,-,1,-,1,6,0.00,Ranking by Country of Residence
194,CHRISTMAS ISLAND,-,-,1,-,1,1,-,2,-,-,5,0.00,Ranking by Country of Residence
194,COCOS (KEELING) ISLANDS,-,-,-,-,-,-,-,1,4,-,5,0.00,Ranking by Country of Residence
194,ERITREA,1,-,1,-,1,-,1,1,-,-,5,0.00,Ranking by Country of Residence
195,"SAINT HELENA, ASCENSION AND TRISTAN DA CUNHA",-,-,1,1,-,-,1,-,-,1,4,0.00,Ranking by Country of Residence
196,MONTSERRAT,-,-,-,-,-,-,-,2,-,-,2,0.00,Ranking by Country of Residence
196,VATICAN CITY STATE,-,1,-,-,1,-,-,-,-,-,2,0.00,Ranking by Country of Residence
197,SAINT PIERRE AND MIQUELON,,,,,,,,,1,-,1,0.00,Ranking by Country of Residence
197,SOUTH GEORGIA AND THE SOUTH SANDWICH ISLANDS,,,,,,,1,-,-,-,1,0.00,Ranking by Country of Residence
197,WALLIS AND FUTUNA,-,-,1,-,-,-,-,-,-,-,1,0.00,Ranking by Country of Residence
197,WESTERN SAHARA,-,-,-,-,-,-,-,-,1,-,1,0.00,Ranking by Country of Residence
198,CURACAO,-,-,-,-,-,-,-,-,-,-,-,-,Ranking by Country of Residence
198,FALKLAND ISLANDS,-,-,-,-,-,-,-,-,-,-,-,-,Ranking by Country of Residence
198,HOLY SEE,-,-,-,-,-,-,-,-,-,-,-,-,Ranking by Country of Residence
198,KOSOVO,-,-,-,-,-,-,-,-,-,-,-,-,Ranking by Country of Residence
198,NORTH MACEDONIA,-,-,-,-,-,-,-,-,-,-,-,-,Ranking by Country of Residence
,NOT STATED,-,-,-,-,-,-,-,-,-,-,-,,Ranking by Country of Residence
198,SAINT BARTHELEMY,-,-,-,-,-,-,-,-,-,-,-,-,Ranking by Country of Residence
198,SVALBARD AND JAN MAYEN,-,-,-,-,-,-,-,-,-,-,-,-,Ranking by Country of Residence
,THE BRITISH VIRGIN ISLAND,-,-,-,-,-,-,-,-,-,-,-,,Ranking by Country of Residence
1,SOUTH KOREAN,127101,127478,107406,95103,99340,117413,140718,135660,113858,114215,1178292,26.51,Ranking by Nationality
2,AMERICAN,90549,8 8996,84571,79825,73889,98488,90795,55328,53303,63585,779329,17.53,Ranking by Nationality
3,JAPANESE,15409,2 2871,26018,23290,20959,19534,26770,38157,27596,24513,245117,5.51,Ranking by Nationality
4,CHINESE,10355,1 5901,20434,25900,19164,22909,34855,32752,25662,24226,232158,5.22,Ranking by Nationality
5,AUSTRALIAN,23009,2 0116,22949,26201,18339,19091,18374,15275,19106,18195,200655,4.51,Ranking by Nationality
6,CANADIAN,25466,2 3795,22915,21664,17701,12969,19100,14099,12645,16142,186496,4.20,Ranking by Nationality
7,TAIWANESE,16724,1 2510,12952,14045,10827,19076,22582,18342,15348,18581,160987,3.62,Ranking by Nationality
8,BRITISH,14848,1 3056,19390,17692,11617,10773,18988,12325,8665,11789,139143,3.13,Ranking by Nationality
9,MALAYSIAN,7206,9 043,9950,9654,8488,8263,8466,7790,8111,7745,84716,1.91,Ranking by Nationality
10,SINGAPOREAN,6090,7 469,9484,8688,8072,9820,7256,7012,8054,7304,79249,1.78,Ranking by Nationality
11,INDIAN,7972,6 750,8687,8170,6639,7053,7422,7288,6966,7024,73971,1.66,Ranking by Nationality
12,GERMAN,7752,8 038,10376,8252,4711,3666,4943,4780,3985,5264,61767,1.39,Ranking by Nationality
13,VIETNAMESE,4137,5 644,6822,6373,6092,6885,6060,5236,4551,4697,56497,1.27,Ranking by Nationality
14,FRENCH,6904,8 261,8251,7175,3352,2111,4141,3084,2550,3736,49565,1.12,Ranking by Nationality
15,INDONESIAN,3854,5 219,5127,5577,4180,4366,4301,4076,4555,4456,45711,1.03,Ranking by Nationality
16,HONG KONGER,5103,2 572,3491,6065,3039,3275,3594,3343,3310,4373,38165,0.86,Ranking by Nationality
17,SPANISH,3272,2 917,3501,3361,1924,2014,3951,4428,2377,2749,30494,0.69,Ranking by Nationality
18,THAI,2649,2 664,3454,3760,2611,2673,3226,2225,2715,3101,29078,0.65,Ranking by Nationality
19,NEW ZEALANDER,3055,2 648,3093,3630,2841,3125,2853,2250,2590,2686,28771,0.65,Ranking by Nationality
20,DUTCH,3323,3 001,3295,3516,2315,1776,3620,2047,1960,2517,27370,0.62,Ranking by Nationality
21,ITALIAN,2905,2 858,2983,2502,1448,1603,2113,2679,1400,1777,22268,0.50,Ranking by Nationality
22,RUSSIAN,3611,4 154,3099,2470,1345,1086,1266,1201,1267,1885,21384,0.48,Ranking by Nationality
23,IRISH,1618,1 277,2107,1739,1292,2707,2158,1204,1046,1274,16422,0.37,Ranking by Nationality
24,NORWEGIAN,1543,1 709,1555,1265,7 60,3210,3452,858,866,1024,16242,0.37,Ranking by Nationality
25,SWISS,2016,2 095,2368,2547,1116,8 20,1875,764,1048,1434,16083,0.36,Ranking by Nationality
26,SAUDI ARABIAN,1150,1 699,1512,1383,1708,1493,1509,1131,1238,1261,14084,0.32,Ranking by Nationality
27,SWEDISH,1983,1 910,1873,1364,8 86,1672,1325,710,757,1014,13494,0.30,Ranking by Nationality
28,BELGIAN,1310,1 349,1454,1283,9 36,1035,2288,871,827,1172,12525,0.28,Ranking by Nationality
29,ISRAELI,1935,1 657,1957,1354,8 61,7 06,1076,892,1338,658,12434,0.28,Ranking by Nationality
30,AUSTRIAN,1788,1 468,1286,1176,7 98,8 13,1442,846,570,912,11099,0.25,Ranking by Nationality
31,DANISH,1537,1 363,1355,1154,7 82,8 71,1098,516,713,970,10359,0.23,Ranking by Nationality
32,TURKISH,934,1 155,1297,1075,7 64,8 57,7 79,785,797,909,9352,0.21,Ranking by Nationality
33,POLISH,1138,1 483,1456,1250,6 54,4 72,4 94,440,556,1016,8959,0.20,Ranking by Nationality
34,BRAZILIAN,691,674,762,949,4 76,4 94,4 35,521,522,612,6136,0.14,Ranking by Nationality
35,BURMESE,437,363,421,533,6 50,6 44,6 57,598,752,667,5722,0.13,Ranking by Nationality
36,SOUTH AFRICAN,630,440,568,803,4 08,4 80,5 99,470,545,488,5431,0.12,Ranking by Nationality
37,PORTUGUESE,548,550,766,856,4 63,2 86,3 42,464,408,556,5239,0.12,Ranking by Nationality
38,ROMANIAN,639,761,702,567,3 16,3 22,2 74,375,324,445,4725,0.11,Ranking by Nationality
39,CZECH,635,901,832,503,2 66,2 01,2 83,226,284,504,4635,0.10,Ranking by Nationality
40,MONGOLIAN,1014,820,551,324,2 74,5 03,3 72,243,233,222,4556,0.10,Ranking by Nationality
41,PAPUA NEW GUINEAN,323,355,380,392,3 97,5 27,4 62,395,653,505,4389,0.10,Ranking by Nationality
42,PAKISTANI,418,416,441,313,3 95,3 60,4 36,417,509,435,4140,0.09,Ranking by Nationality
43,NEPALESE,319,302,470,492,3 21,4 19,3 82,432,422,395,3954,0.09,Ranking by Nationality
44,FINNISH,553,453,511,403,2 80,4 40,3 48,306,234,306,3834,0.09,Ranking by Nationality
45,BRUNEIAN,285,410,381,575,3 27,3 88,3 65,369,328,389,3817,0.09,Ranking by Nationality
46,BANGLADESHI,289,346,391,479,2 88,2 95,3 02,383,538,429,3740,0.08,Ranking by Nationality
47,KUWAITI,310,405,356,438,3 66,4 46,3 46,416,218,284,3585,0.08,Ranking by Nationality
48,MOROCCAN,280,444,306,362,4 06,2 58,3 18,383,373,366,3496,0.08,Ranking by Nationality
49,EMIRATI,222,342,328,281,3 12,3 70,5 26,362,314,264,3321,0.07,Ranking by Nationality
50,MEXICAN,294,254,424,435,2 75,2 74,2 96,317,353,363,3285,0.07,Ranking by Nationality
51,BAHRAINI,197,317,269,262,2 96,3 29,3 15,348,385,393,3111,0.07,Ranking by Nationality
52,GREEK,338,379,394,331,2 09,2 11,1 85,449,240,268,3004,0.07,Ranking by Nationality
53,NIGERIAN,385,424,306,308,2 72,2 61,2 50,302,232,228,2968,0.07,Ranking by Nationality
54,EGYPTIAN,169,338,306,314,2 64,2 86,3 24,294,339,299,2933,0.07,Ranking by Nationality
55,COLOMBIAN,311,219,294,371,2 53,2 61,2 20,238,307,316,2790,0.06,Ranking by Nationality
56,CAMBODIAN,212,286,350,322,2 45,2 35,2 12,294,272,311,2739,0.06,Ranking by Nationality
57,SRI LANKAN,204,236,338,249,2 65,3 32,3 02,239,293,275,2733,0.06,Ranking by Nationality
58,HUNGARIAN,316,362,358,241,2 39,2 23,1 54,161,188,224,2466,0.06,Ranking by Nationality
59,GUAMANIAN,192,204,349,213,1 30,2 82,3 19,171,251,268,2379,0.05,Ranking by Nationality
60,TUNISIAN,163,307,246,251,2 31,1 47,1 81,209,235,222,2192,0.05,Ranking by Nationality
61,LITHUANIAN,316,365,276,172,1 06,66,1 11,431,163,144,2150,0.05,Ranking by Nationality
62,MACANESE,109,96,183,315,1 49,2 17,2 21,216,237,290,2033,0.05,Ranking by Nationality
63,ARGENTINE,331,247,297,271,1 73,1 11,1 18,137,167,180,2032,0.05,Ranking by Nationality
64,OMANI,118,178,204,192,2 00,2 43,3 03,186,223,164,2011,0.05,Ranking by Nationality
65,BULGARIAN,371,354,320,192,1 50,88,1 02,96,109,182,1964,0.04,Ranking by Nationality
66,SLOVAK,265,341,299,294,1 43,87,1 09,90,115,220,1963,0.04,Ranking by Nationality
67,UKRAINIAN,148,214,204,183,1 09,1 38,1 67,125,164,171,1623,0.04,Ranking by Nationality
68,KAZAKH,251,197,241,138,1 37,1 26,1 30,115,141,121,1597,0.04,Ranking by Nationality
69,CHILEAN,196,212,197,192,1 54,1 38,97,100,113,163,1562,0.04,Ranking by Nationality
70,ARMENIAN,189,186,179,192,1 13,1 24,1 79,135,99,82,1478,0.03,Ranking by Nationality
71,NORTH KOREAN,178,211,238,132,1 15,1 38,1 33,178,63,30,1416,0.03,Ranking by Nationality
72,URUGUAYAN,81,100,592,417,68,33,29,21,21,38,1400,0.03,Ranking by Nationality
73,CROATIAN,186,172,183,179,1 07,1 28,81,80,120,127,1363,0.03,Ranking by Nationality
74,SERBIAN,54,106,139,114,87,76,89,300,280,101,1346,0.03,Ranking by Nationality
75,LEBANESE,66,155,147,185,1 27,1 48,1 13,125,147,127,1340,0.03,Ranking by Nationality
76,IRANIAN,94,128,352,96,1 03,92,89,100,114,98,1266,0.03,Ranking by Nationality
77,KENYAN,76,90,95,142,99,95,1 40,118,162,162,1179,0.03,Ranking by Nationality
78,QATARI,109,112,133,168,1 01,1 16,1 20,107,102,89,1157,0.03,Ranking by Nationality
79,SLOVENIAN,172,141,118,160,54,55,1 08,65,155,128,1156,0.03,Ranking by Nationality
80,LATVIAN,149,168,133,92,58,42,87,67,240,84,1120,0.03,Ranking by Nationality
81,UZBEK,124,156,106,86,1 06,1 27,1 17,131,90,64,1107,0.02,Ranking by Nationality
82,PERUVIAN,95,121,113,124,94,85,84,116,150,110,1092,0.02,Ranking by Nationality
83,MALDIVIAN,115,99,97,43,72,91,1 99,117,127,128,1088,0.02,Ranking by Nationality
84,ICELANDIC,86,74,86,91,1 40,2 48,1 50,50,68,61,1054,0.02,Ranking by Nationality
85,JORDANIAN,99,108,94,85,93,1 09,1 05,119,119,69,1000,0.02,Ranking by Nationality
86,PALAUAN,76,122,165,89,49,96,1 03,72,96,91,959,0.02,Ranking by Nationality
87,ESTONIAN,185,218,107,86,49,32,34,37,47,62,857,0.02,Ranking by Nationality
88,CYPRIOT,66,79,96,89,64,78,1 19,116,60,65,832,0.02,Ranking by Nationality
89,GHANAIAN,50,56,52,89,60,61,72,130,91,136,797,0.02,Ranking by Nationality
90,AMERICAN SAMOAN,121,123,86,90,59,83,86,72,26,35,781,0.02,Ranking by Nationality
91,MICRONESIAN,64,75,99,103,52,84,92,63,64,71,767,0.02,Ranking by Nationality
92,LAO,59,81,78,160,74,62,50,51,60,74,749,0.02,Ranking by Nationality
93,MALTESE,86,97,132,91,84,44,61,56,40,40,731,0.02,Ranking by Nationality
94,SYRIAN,51,78,71,55,64,76,68,75,86,73,697,0.02,Ranking by Nationality
95,FIJIAN,43,62,82,70,54,79,65,55,102,65,677,0.02,Ranking by Nationality
96,CAMEROONIAN,41,65,54,96,55,60,55,76,80,89,671,0.02,Ranking by Nationality
97,BELARUSIAN,58,64,63,53,35,42,45,41,40,64,505,0.01,Ranking by Nationality
98,LUXEMBOURGER,38,51,87,73,28,11,44,83,30,42,487,0.01,Ranking by Nationality
99,KYRGYZ,57,59,59,47,62,45,32,27,38,59,485,0.01,Ranking by Nationality
100,ECUADOREAN,48,64,65,82,30,33,20,33,61,43,479,0.01,Ranking by Nationality
101,SOLOMON ISLANDER,24,19,15,36,41,49,95,55,82,50,466,0.01,Ranking by Nationality
101,COSTA RICAN,63,56,65,73,31,32,23,25,48,50,466,0.01,Ranking by Nationality
102,CITIZEN OF VANUATU,39,42,50,57,55,38,48,48,41,39,457,0.01,Ranking by Nationality
103,VENEZUELAN,29,35,51,76,36,40,34,63,47,40,451,0.01,Ranking by Nationality
104,MARSHALLESE,32,61,40,46,41,45,46,46,40,52,449,0.01,Ranking by Nationality
105,MAURITIAN,33,51,56,57,36,42,41,43,38,49,446,0.01,Ranking by Nationality
106,ZIMBABWEAN,28,37,40,55,27,31,50,55,53,57,433,0.01,Ranking by Nationality
107,ETHIOPIAN,26,33,60,42,40,24,30,50,50,56,411,0.01,Ranking by Nationality
108,YEMENI,52,53,16,32,35,47,42,60,40,32,409,0.01,Ranking by Nationality
109,DOMINICAN,24,69,46,21,39,24,36,78,40,31,408,0.01,Ranking by Nationality
110,EAST TIMORESE,41,53,21,25,20,39,65,54,46,21,385,0.01,Ranking by Nationality
111,JAMAICAN,37,25,46,44,23,32,55,45,33,34,374,0.01,Ranking by Nationality
112,KITTITIAN,37,48,37,43,29,36,29,44,36,29,368,0.01,Ranking by Nationality
113,CONGOLESE (CONGO),41,33,26,38,18,31,42,57,38,34,358,0.01,Ranking by Nationality
114,ALGERIAN,19,32,27,32,28,30,36,37,52,62,355,0.01,Ranking by Nationality
115,UGANDAN,20,28,25,37,32,43,30,32,53,52,352,0.01,Ranking by Nationality
116,SUDANESE,47,32,39,36,16,27,35,46,33,37,348,0.01,Ranking by Nationality
117,TANZANIAN,32,24,22,28,27,27,38,35,31,42,306,0.01,Ranking by Nationality
118,SALVADOREAN,28,22,26,42,26,25,37,24,37,27,294,0.01,Ranking by Nationality
119,TAJIK,30,19,26,23,20,35,16,23,27,47,266,0.01,Ranking by Nationality
120,ALBANIAN,19,39,24,23,25,26,29,19,30,29,263,0.01,Ranking by Nationality
121,NORTHERN MARIANAN,21,16,14,18,14,51,63,30,20,12,259,0.01,Ranking by Nationality
122,IRAQI,13,22,24,10,21,24,20,39,49,30,252,0.01,Ranking by Nationality
123,GUATEMALAN,20,23,34,29,28,16,29,28,10,34,251,0.01,Ranking by Nationality
124,BOSNIAN,25,33,25,24,18,14,25,19,29,36,248,0.01,Ranking by Nationality
125,HONDURAN,37,18,43,29,23,29,18,4,28,13,242,0.01,Ranking by Nationality
126,BHUTANESE,11,18,27,24,27,27,33,16,12,37,232,0.01,Ranking by Nationality
127,AFGHAN,22,20,24,19,21,22,25,30,33,14,230,0.01,Ranking by Nationality
128,ANGOLAN,16,13,8,18,15,21,25,65,26,20,227,0.01,Ranking by Nationality
129,IVORIAN,17,15,33,34,26,19,11,26,12,28,221,0.00,Ranking by Nationality
130,TRINIDADIAN,21,23,40,20,20,11,14,15,27,26,217,0.00,Ranking by Nationality
130,PANAMANIAN,24,31,29,21,13,19,20,20,17,23,217,0.00,Ranking by Nationality
131,BOLIVIAN,15,20,14,53,27,10,6,18,16,30,209,0.00,Ranking by Nationality
132,GEORGIAN,25,24,32,18,18,6,38,7,13,27,208,0.00,Ranking by Nationality
133,PALESTINIAN,19,26,19,16,9,22,30,25,24,9,199,0.00,Ranking by Nationality
134,PARAGUAYAN,42,39,12,18,12,14,12,18,14,9,190,0.00,Ranking by Nationality
135,NIGERIEN,24,25,33,14,21,15,11,17,5,10,175,0.00,Ranking by Nationality
136,MACEDONIAN,21,13,23,24,17,21,13,6,20,7,165,0.00,Ranking by Nationality
137,LIBERIAN,14,11,18,20,11,19,17,17,19,18,164,0.00,Ranking by Nationality
138,ZAMBIAN,19,11,17,14,11,13,13,16,35,11,160,0.00,Ranking by Nationality
139,MALAGASY,27,24,11,19,11,7,8,16,16,17,156,0.00,Ranking by Nationality
140,RWANDAN,16,12,18,11,8,10,17,30,15,18,155,0.00,Ranking by Nationality
141,TURKMEN,12,8,26,15,13,11,9,9,17,19,139,0.00,Ranking by Nationality
142,SENEGALESE,7,8,10,12,12,11,7,25,30,15,137,0.00,Ranking by Nationality
143,ERITREAN,12,22,13,11,10,9,18,18,13,5,131,0.00,Ranking by Nationality
144,MOLDOVAN,18,19,15,5,8,2,9,9,14,18,117,0.00,Ranking by Nationality
145,US VIRGIN ISLAND,15,16,16,10,12,10,11,15,5,4,114,0.00,Ranking by Nationality
145,NICARAGUAN,17,9,14,10,3,16,6,10,11,18,114,0.00,Ranking by Nationality
146,TONGAN,15,11,6,17,15,9,4,8,16,10,111,0.00,Ranking by Nationality
147,BAHAMIAN,19,11,7,8,6,15,10,5,8,20,109,0.00,Ranking by Nationality
148,ANDORRAN,5,9,11,14,11,11,7,8,18,14,108,0.00,Ranking by Nationality
149,MONTENEGRIN,3,5,11,5,9,13,7,37,8,7,105,0.00,Ranking by Nationality
150,SAMOAN,5,13,12,11,1,14,8,14,13,10,101,0.00,Ranking by Nationality
151,CITIZEN OF SEYCHELLES,4,6,6,13,12,11,8,15,11,14,100,0.00,Ranking by Nationality
152,MALAWIAN,15,13,6,5,4,9,10,17,11,8,98,0.00,Ranking by Nationality
153,BELIZEAN,22,7,5,12,4,6,12,11,5,5,89,0.00,Ranking by Nationality
154,ST LUCIAN,6,11,11,9,8,6,10,13,4,10,88,0.00,Ranking by Nationality
155,SWAZI,6,2,8,8,3,4,5,8,24,19,87,0.00,Ranking by Nationality
156,LIECHTENSTEIN CITIZEN,8,4,15,13,5,8,19,4,7,2,85,0.00,Ranking by Nationality
156,NAMIBIAN,7,12,5,18,8,6,9,5,5,10,85,0.00,Ranking by Nationality
157,CHADIAN,8,10,18,6,11,3,6,10,6,6,84,0.00,Ranking by Nationality
157,MOZAMBICAN,6,4,10,9,10,4,14,6,14,7,84,0.00,Ranking by Nationality
158,GUINEAN,3,10,9,1,8,8,5,25,7,5,81,0.00,Ranking by Nationality
158,SOUTH SUDANESE,2,4,3,3,-,1,2,47,14,5,81,0.00,Ranking by Nationality
159,BENINESE,7,6,11,4,4,9,8,15,5,8,77,0.00,Ranking by Nationality
160,BERMUDIAN,7,7,9,6,9,4,10,9,9,5,75,0.00,Ranking by Nationality
161,AZERBAIJANI,5,8,9,6,7,11,3,11,7,7,74,0.00,Ranking by Nationality
161,LIBYAN,4,13,4,8,5,7,10,11,10,2,74,0.00,Ranking by Nationality
162,BRITISH VIRGIN ISLANDER,6,1,5,12,4,4,23,11,5,2,73,0.00,Ranking by Nationality
163,COMORAN,7,6,8,5,9,7,3,7,9,11,72,0.00,Ranking by Nationality
163,HAITIAN,16,5,10,6,1,5,4,10,11,4,72,0.00,Ranking by Nationality
164,BURKINAN,1,-,6,14,3,29,3,1,8,6,71,0.00,Ranking by Nationality
165,CITIZEN OF ANTIGUA AND BARBUDA,4,10,6,2,7,13,8,5,7,5,67,0.00,Ranking by Nationality
166,GAMBIAN,6,5,6,6,2,5,5,10,8,12,65,0.00,Ranking by Nationality
167,CAYMAN ISLANDER,4,1,4,1,5,6,18,5,11,9,64,0.00,Ranking by Nationality
168,SOMALI,13,6,3,5,7,5,2,7,4,11,63,0.00,Ranking by Nationality
169,CITIZEN OF KIRIBATI,-,5,5,8,11,8,6,9,7,3,62,0.00,Ranking by Nationality
169,GRENADIAN,11,6,5,5,2,8,4,11,1,9,62,0.00,Ranking by Nationality
170,MOTSWANA,9,5,7,3,11,4,1,11,2,6,59,0.00,Ranking by Nationality
170,PUERTO RICAN,8,4,10,8,4,5,2,11,3,4,59,0.00,Ranking by Nationality
171,MALIAN,5,3,3,3,5,5,9,6,7,5,51,0.00,Ranking by Nationality
172,BURUNDIAN,3,-,7,4,1,5,5,6,10,8,49,0.00,Ranking by Nationality
173,TOGOLESE,8,3,5,3,-,5,2,3,9,10,48,0.00,Ranking by Nationality
174,BARBADIAN,-,5,9,2,6,5,4,5,2,9,47,0.00,Ranking by Nationality
174,CUBAN,2,4,6,4,11,4,5,3,5,3,47,0.00,Ranking by Nationality
174,GUYANESE,3,9,6,4,5,3,7,4,2,4,47,0.00,Ranking by Nationality
175,CAPE VERDEAN,5,4,4,6,1,6,5,7,1,3,42,0.00,Ranking by Nationality
176,FAROESE,2,5,3,3,6,3,3,8,3,3,39,0.00,Ranking by Nationality
177,TUVALUAN,-,2,7,5,2,4,1,-,6,11,38,0.00,Ranking by Nationality
178,SURINAMESE,1,2,1,5,2,1,-,3,14,4,33,0.00,Ranking by Nationality
179,GABONESE,1,1,-,1,3,1,3,6,10,4,30,0.00,Ranking by Nationality
180,VINCENTIAN,6,3,2,2,4,2,5,-,-,4,28,0.00,Ranking by Nationality
181,EQUATORIAL GUINEAN,6,4,-,7,1,-,3,2,2,2,27,0.00,Ranking by Nationality
182,ARUBA,-,3,2,1,-,2,5,4,3,4,24,0.00,Ranking by Nationality
183,SIERRA LEONEAN,-,-,2,-,2,5,1,1,6,5,22,0.00,Ranking by Nationality
184,GIBRALTARIAN,3,-,5,4,1,-,3,1,-,4,21,0.00,Ranking by Nationality
184,MAURITANIAN,3,4,5,4,1,1,-,1,-,2,21,0.00,Ranking by Nationality
185,REUNIONESE,1,5,1,3,1,2,1,-,-,5,19,0.00,Ranking by Nationality
186,CENTRAL AFRICAN,2,2,-,6,-,2,3,-,-,3,18,0.00,Ranking by Nationality
186,FRENCH POLYNESIAN,3,-,1,1,1,1,4,3,-,4,18,0.00,Ranking by Nationality
186,MONACAN,2,5,1,2,-,-,5,1,2,-,18,0.00,Ranking by Nationality
187,DJIBOUTIAN,-,3,2,1,3,2,2,2,-,-,15,0.00,Ranking by Nationality
187,VATICAN CITIZEN,1,4,2,1,-,1,3,2,1,-,15,0.00,Ranking by Nationality
188,CITIZEN OF GUINEA-BISSAU,2,3,2,1,3,1,1,1,-,-,14,0.00,Ranking by Nationality
188,FRENCH SOUTHERN TERRITORIES,5,3,1,1,-,2,1,1,-,-,14,0.00,Ranking by Nationality
188,BASOTHO,1,-,-,1,-,1,-,2,6,3,14,0.00,Ranking by Nationality
189,SAMMARINESE,1,4,1,1,-,1,1,2,1,1,13,0.00,Ranking by Nationality
190,SAO TOMEAN,,-,-,-,-,1,1,1,7,1,11,0.00,Ranking by Nationality
191,ANGUILLAN,1,1,3,-,1,1,1,1,-,1,10,0.00,Ranking by Nationality
192,MARTINIQUAIS,1,-,7,1,-,-,-,-,-,-,9,0.00,Ranking by Nationality
192,NAURUAN,-,-,-,2,1,2,-,-,-,4,9,0.00,Ranking by Nationality
193,FRENCH GUIANESE,-,-,5,2,-,-,-,-,-,-,7,0.00,Ranking by Nationality
194,COCOS ISLANDER,-,-,1,-,-,-,-,-,5,-,6,0.00,Ranking by Nationality
194,TURKS AND CAICOS ISLANDER,1,-,1,1,-,1,1,-,-,1,6,0.00,Ranking by Nationality
195,CURAÃ§AOAN,2,1,-,-,-,-,-,1,-,1,5,0.00,Ranking by Nationality
195,GUADELOUPE,-,-,-,2,1,1,-,-,1,-,5,0.00,Ranking by Nationality
195,WALLISIAN,-,-,2,1,-,1,1,-,-,-,5,0.00,Ranking by Nationality
196,COOK ISLANDER,1,1,-,1,-,1,-,-,-,-,4,0.00,Ranking by Nationality
197,ANTARCTIC,1,1,-,1,-,-,-,-,-,-,3,0.00,Ranking by Nationality
198,CHRISTMAS ISLANDER,-,-,-,1,-,1,-,-,-,-,2,0.00,Ranking by Nationality
198,GREENLANDIC,-,-,1,1,-,-,-,-,-,-,2,0.00,Ranking by Nationality
198,SAHRAWI,1,-,1,-,-,-,-,-,-,-,2,0.00,Ranking by Nationality
199,BARTHELEMY,-,-,-,-,-,-,-,-,1,-,1,0.00,Ranking by Nationality
199,MAHORAN,-,1,-,-,-,-,-,-,-,-,1,0.00,Ranking by Nationality
199,PITCAIRN ISLANDER,-,-,-,-,-,-,-,-,1,-,1,0.00,Ranking by Nationality
199,SAINT-PIERRAIS OR MIQUELONNAIS,-,-,1,-,-,-,-,-,-,-,1,0.00,Ranking by Nationality
199,SVALBARD,-,-,1,-,-,-,-,-,-,-,1,0.00,Ranking by Nationality
